<?xml version='1.0' standalone='yes'?>
<extension>
  <name>PLUGIN_TRACKSTAT</name>
  <creator>Erland Isaksson</creator>
  <defaultState>enabled</defaultState>
  <description>SETUP_PLUGIN_TRACKSTAT_GROUP_DESC</description>
  <email>erland@isaksson.info</email>
  <homepageURL>http://wiki.erland.isaksson.info</homepageURL>
  <icon>plugins/TrackStat/html/images/trackstat.png</icon>
  <playerMenu>BROWSE_MUSIC</playerMenu>
  <id>8BA09E6A-77BB-11DC-91DD-A3F5D22FE61F</id>
  <module>Plugins::TrackStat::Plugin</module>
  <optionsURL>plugins/TrackStat/settings/basic.html</optionsURL>
  <targetApplication>
    <id>Squeezebox Server</id>
    <maxVersion>*</maxVersion>
    <minVersion>7.6.0</minVersion>
  </targetApplication>
  <type>2</type>
  <version>3.3.602</version>
</extension>
