<?xml version="1.0" encoding="utf-8"?>
<trackstat>
	<minpluginversion>2.5</minpluginversion>
	<requireplugins>TrackStat</requireplugins>
	<template>
		<downloadidentifier>224</downloadidentifier>
		<name>TrackStat last added albums</name>
		<description>Random playlist with only last added albums</description>
		<parameter type="text" id="playlistname" name="Playlist name" value="TrackStat Last Added Albums"/>
		<parameter type="text" id="playlistgroups" name="Groups" value=""/>
		<parameter type="optionalsinglelist" id="requestfromuser" name="Request parameter from user" value="" data="artist=Artist,genre=Genre,playlist=Playlist,year=Year,noofalbums=Number of albums,addedtime=Last added time"/>
		<parameter type="text" id="minalbumtracks" name="Ignore albums with less tracks than" value="3"/>
		<parameter type="text" id="tracksperalbum" name="Only play this number of tracks per album" value=""/>
		<parameter type="text" id="noofalbums" name="Use this number of albums" value="5"/>
		<parameter type="checkbox" id="notrepeat" name="Do not repeat tracks within same playlist" value="1"/>
		<parameter type="optionalsinglelist" id="recentlyplayed" requireplugins="TrackStat::Plugin" name="Ignore albums played recently" value="" data="3600=1 hour,10800=3 hours,21600=6 hours,43200=12 hours,86400=24 hours,604800=1 week,1209600=2 weeks,2419200=4 weeks,7257600=12 weeks"/>
		<parameter type="checkbox" id="activelibrary" requireplugins="MultiLibrary::Plugin" name="Limit to active library" value=""/>
		<parameter type="sqloptionalsinglelist" id="library" requireplugins="MultiLibrary::Plugin" name="Library" value="" data="select id,name,id from multilibrary_libraries"/>
		<parameter type="functionoptionalsinglelist" id="customskipfilter" requireplugins="CustomSkip::Plugin" name="Custom Skip filter" value="" data="Plugins::CustomSkip::Plugin,getAvailableFilters"/>
	</template>
</trackstat>

