<?xml version="1.0" encoding="utf-8"?>
<trackstat>
	<minpluginversion>2.5</minpluginversion>
	<requireplugins>TrackStat</requireplugins>
	<template>
		<downloadidentifier>78</downloadidentifier>
		<name>TrackStat Top rated playlists</name>
		<description>Random playlist with only top rated playlists</description>
		<parameter type="text" id="playlistname" name="Playlist name" value="TrackStat Top Rated Playlists"/>
		<parameter type="text" id="playlistgroups" name="Groups" value=""/>
		<parameter type="text" id="minplaylisttracks" name="Ignore playlists with less tracks than" value="3"/>
		<parameter type="text" id="tracksperplaylist" name="Only play this number of tracks per playlist" value="10"/>
		<parameter type="text" id="noofplaylists" name="Use this number of playlists" value="20"/>
		<parameter type="checkbox" id="notrepeat" name="Do not repeat tracks within same playlist" value="1"/>
		<parameter type="checkbox" id="activelibrary" requireplugins="MultiLibrary::Plugin" name="Limit to active library" value=""/>
		<parameter type="sqloptionalsinglelist" id="library" requireplugins="MultiLibrary::Plugin" name="Library" value="" data="select id,name,id from multilibrary_libraries"/>
		<parameter type="functionoptionalsinglelist" id="customskipfilter" requireplugins="CustomSkip::Plugin" name="Custom Skip filter" value="" data="Plugins::CustomSkip::Plugin,getAvailableFilters"/>
	</template>
</trackstat>

