<?xml version="1.0" encoding="utf-8"?>
<custombrowse>
	<requireplugins>TrackStat</requireplugins>
	<minpluginversion>2.9</minpluginversion>
	<template>
		<downloadidentifier>142</downloadidentifier>
		<name>TrackStat rating for song</name>
		<description>Rating for the selected song from TrackStat</description>
		<parameter type="text" id="menuname" name="Menu name" value="Rating"/>
		<parameter type="text" id="menugroup" name="Menu group" value=""/>
		<parameter type="text" id="menuorder" name="Menu sort order (1-100)" value="50"/>
		<parameter type="checkboxes" id="roles" name="Roles to include" value="0" data="1=Artist,2=Composer,3=Conductor,4=Band,5=Album artist,6=Track artist"/>
		<parameter type="checkbox" id="tenscale" name="10 grade scale" value="0"/>
		<parameter type="checkbox" id="playalltracks" name="Play all songs in selected album" value="1"/>
		<parameter type="sqloptionalsinglelist" id="library" requireplugins="MultiLibrary::Plugin" name="Library" value="" data="select id,name,id from multilibrary_libraries"/>
		<parameter type="checkbox" id="activelibrary" requireplugins="MultiLibrary::Plugin" name="Limit to active library" value=""/>
		<parameter type="checkbox" id="contextlibrary" requireplugins="MultiLibrary::Plugin" name="Limit to context library" value=""/>
		<parameter type="checkboxes" id="interfaces" name="Only include in these user interfaces" value="0" data="web=Web,player=Player,cli=Controller (and CLI)"/>
		<parameter type="text" id="includedclients" name="Only include on these players (empty = all)" value=""/>
		<parameter type="text" id="excludedclients" name="Exclude from these players" value=""/>
		<parameter type="sqloptionalmultiplelist" id="includedlibraries" requireplugins="MultiLibrary::Plugin" name="Only include when these libraries are active (empty = all)" value="" data="select id,name,id from multilibrary_libraries"/>
		<parameter type="sqloptionalmultiplelist" id="excludedlibraries" requireplugins="MultiLibrary::Plugin" name="Exclude when these libraries are active" value="" data="select id,name,id from multilibrary_libraries"/>
		<parameter type="text" id="objecttype" name="Object type" value="track"/>
	</template>
</custombrowse>

