<?xml version="1.0" encoding="utf-8"?>
<databasequery>
	<requireplugins>TrackStat</requireplugins>
	<minpluginversion>2.0</minpluginversion>
	<template>
		<downloadidentifier>189</downloadidentifier>
		<name>TrackStat Inconsistency/problems query</name>
		<description>Query that returns things that are inconsistent or possible problems in the TrackStat data</description>
		<parameter type="text" id="queryname" name="Data query name" value="TrackStat Inconsistency/Problems"/>
	</template>
</databasequery>

