<?xml version="1.0" encoding="utf-8"?>
<databasequery>
	<requireplugins>TrackStat</requireplugins>
	<template>
		<downloadidentifier>190</downloadidentifier>
		<name>TrackStat Statistics query</name>
		<description>Query that returns different statistics from TrackStat</description>
		<parameter type="text" id="queryname" name="Data query name" value="TrackStat Statistics"/>
		<parameter type="checkbox" id="multilibrary" requireplugins="MultiLibrary::Plugin" name="Show MultiLibrary playback statistics" value="1"/>
	</template>
</databasequery>

