<?xml version="1.0" encoding="utf-8"?>
<custombrowse>
	<template>
		<id>trackstat_albumratings</id>
		<parameter type="text" id="menuname"><value>Rating</value></parameter>
		<parameter type="text" id="menugroup"></parameter>
		<parameter type="text" id="menuorder"><value>50</value></parameter>
		<parameter type="text" id="menuprefix"><value>Rating</value></parameter>
		<parameter type="text" id="interfaces"><value>player</value><value>cli</value></parameter>
		<parameter type="text" id="includedclients"></parameter>
		<parameter type="text" id="excludedclients"></parameter>
		<parameter type="text" id="includedlibraries"></parameter>
		<parameter type="text" id="excludedlibraries"></parameter>
		<parameter type="text" id="objecttype"><value>albumheader</value></parameter>
	</template>
</custombrowse>
