<?xml version="1.0" encoding="utf-8"?>
<custombrowse>
	<template>
		<id>trackstat_artistrating</id>
		<parameter type="text" id="menuname"><value>Rating</value></parameter>
		<parameter type="text" id="menugroup"></parameter>
		<parameter type="text" id="menuorder"><value>50</value></parameter>
		<parameter type="text" id="includedclisents"></parameter>
		<parameter type="text" id="excludedclients"></parameter>
		<parameter type="text" id="includedlibraries"><value></value></parameter>
		<parameter type="text" id="excludedlibraries"><value></value></parameter>
		<parameter type="text" id="objecttype"><value>artistheader</value></parameter>
	</template>
</custombrowse>
