<?xml version="1.0" encoding="utf-8"?>
<custombrowse>
	<template>
		<id>trackstat_trackratings</id>
		<parameter type="text" id="menuname"><value>Rating</value></parameter>
		<parameter type="text" id="menugroup"></parameter>
		<parameter type="text" id="menuorder"><value>50</value></parameter>
		<parameter type="text" id="roles"></parameter>
		<parameter type="text" id="tenscale"><value>{rating_10scale}</value></parameter>
		<parameter type="text" id="playalltracks"><value>1</value></parameter>
		<parameter type="text" id="library"><value></value></parameter>
		<parameter type="text" id="activelibrary"><value>0</value></parameter>
		<parameter type="text" id="includedclients"></parameter>
		<parameter type="text" id="excludedclients"></parameter>
		<parameter type="text" id="includedlibraries"></parameter>
		<parameter type="text" id="excludedlibraries"></parameter>
		<parameter type="text" id="objecttype"><value>track</value></parameter>
	</template>
</custombrowse>
