<?xml version="1.0" encoding="utf-8"?>
<custombrowse>
	<template>
		<id>trackstat_trackdata</id>
		<parameter type="text" id="menuname"><value>TrackStat</value></parameter>
		<parameter type="text" id="menugroup"></parameter>
		<parameter type="text" id="menuorder"><value>50</value></parameter>
		<parameter type="text" id="includerating"><value>0</value></parameter>
		<parameter type="text" id="includelastplayed"><value>1</value></parameter>
		<parameter type="text" id="includeplaycount"><value>1</value></parameter>
		<parameter type="text" id="includeadded"><value>1</value></parameter>
		<parameter type="text" id="includedclients"></parameter>
		<parameter type="text" id="excludedclients"></parameter>
		<parameter type="text" id="includedlibraries"></parameter>
		<parameter type="text" id="excludedlibraries"></parameter>
		<parameter type="text" id="objecttype"><value>track</value></parameter>
	</template>
</custombrowse>
