<?xml version="1.0" encoding="utf-8"?>
<sqlplaylist>
	<template>
		<id>trackstat_topratedalbums</id>
		<parameter type="text" id="playlistname"><value>Top rated albums in genre</value></parameter>
		<parameter type="text" id="playlistgroups"><value>Random/For selected</value></parameter>
		<parameter type="text" id="requestfromuser"><value>genre</value></parameter>
		<parameter type="text" id="minalbumtracks"><value>3</value></parameter>
		<parameter type="text" id="tracksperalbum"></parameter>
		<parameter type="text" id="noofalbums"><value>20</value></parameter>
		<parameter type="text" id="notrepeat"><value>1</value></parameter>
		<parameter type="text" id="recentlyplayed"><value></value></parameter>
		<parameter type="text" id="customskipfilter"><value></value></parameter>
	</template>
</sqlplaylist>
