<?xml version="1.0" encoding="utf-8"?>
<sqlplaylist>
	<template>
		<id>trackstat_mostplayed</id>
		<parameter type="text" id="playlistname"><value>Most played songs from year</value></parameter>
		<parameter type="text" id="playlistgroups"><value>Random/For selected</value></parameter>
		<parameter type="text" id="requestfromuser"><value>year</value></parameter>
		<parameter type="text" id="nooftracks"><value>50</value></parameter>
		<parameter type="text" id="notrepeat"><value>1</value></parameter>
		<parameter type="text" id="recentlyplayed"><value></value></parameter>
		<parameter type="text" id="activelibrary"><value>0</value></parameter>
		<parameter type="text" id="library"><value></value></parameter>
		<parameter type="text" id="customskipfilter"><value></value></parameter>
	</template>
</sqlplaylist>
